category_name,meal_id,meal_name,thumbnail_url
Beef,53281,Algerian Kefta (Meatballs),https://www.themealdb.com/images/media/meals/8rfd4q1764112993.jpg
Beef,53334,Arepa Pabellón,https://www.themealdb.com/images/media/meals/13fg4j1764441982.jpg
Beef,53329,Arepa pelua,https://www.themealdb.com/images/media/meals/jgl9qq1764437635.jpg
Beef,53133,Asado,https://www.themealdb.com/images/media/meals/kgfh3q1763075438.jpg
Beef,53099,Aussie Burgers,https://www.themealdb.com/images/media/meals/44bzep1761848278.jpg
Beef,53366,Beef and Broccoli Stir-Fry,https://www.themealdb.com/images/media/meals/m0p0j81765568742.jpg
Beef,52874,Beef and Mustard Pie,https://www.themealdb.com/images/media/meals/sytuqu1511553755.jpg
Beef,52878,Beef and Oyster pie,https://www.themealdb.com/images/media/meals/wrssvt1511556563.jpg
Beef,53071,Beef Asado,https://www.themealdb.com/images/media/meals/pkopc31683207947.jpg
Beef,52997,"Beef Banh Mi Bowls with Sriracha Mayo, Carrot & Pickled Cucumber",https://www.themealdb.com/images/media/meals/z0ageb1583189517.jpg
Beef,52904,Beef Bourguignon,https://www.themealdb.com/images/media/meals/vtqxtu1511784197.jpg
Beef,52812,Beef Brisket Pot Roast,https://www.themealdb.com/images/media/meals/ursuup1487348423.jpg
Beef,53070,Beef Caldereta,https://www.themealdb.com/images/media/meals/41cxjh1683207682.jpg
Beef,52873,Beef Dumpling Stew,https://www.themealdb.com/images/media/meals/uyqrrv1511553350.jpg
Beef,53317,Beef Empanadas,https://www.themealdb.com/images/media/meals/dxpc7j1764370714.jpg
Beef,52952,Beef Lo Mein,https://www.themealdb.com/images/media/meals/1529444830.jpg
Beef,53359,Beef Mandi,https://www.themealdb.com/images/media/meals/1nalo51765188375.jpg
Beef,53068,Beef Mechado,https://www.themealdb.com/images/media/meals/cgl60b1683206581.jpg
Beef,53238,Beef pho,https://www.themealdb.com/images/media/meals/pbzcrx1763765096.jpg
Beef,53053,Beef Rendang,https://www.themealdb.com/images/media/meals/bc8v651619789840.jpg
Beef,52834,Beef stroganoff,https://www.themealdb.com/images/media/meals/svprys1511176755.jpg
Beef,52824,Beef Sunday Roast,https://www.themealdb.com/images/media/meals/ssrrrs1503664277.jpg
Beef,52803,Beef Wellington,https://www.themealdb.com/images/media/meals/vvpprx1487325699.jpg
Beef,53013,Big Mac,https://www.themealdb.com/images/media/meals/urzj1d1587670726.jpg
Beef,53300,Bigos (Polish hunter's stew),https://www.themealdb.com/images/media/meals/fl4brj1764361323.jpg
Beef,53069,Bistek,https://www.themealdb.com/images/media/meals/4pqimk1683207418.jpg
Beef,52979,Bitterballen (Dutch meatballs),https://www.themealdb.com/images/media/meals/lhqev81565090111.jpg
Beef,53311,Borsch,https://www.themealdb.com/images/media/meals/804v1j1764367088.jpg
Beef,52826,Braised Beef Chilli,https://www.themealdb.com/images/media/meals/uuqvwu1504629254.jpg
Beef,53126,Brun Lapskaus (Norwegian Beef Vegetable Stew),https://www.themealdb.com/images/media/meals/6vi2cv1763075785.jpg
Beef,53141,Carbonada Criolla,https://www.themealdb.com/images/media/meals/8b2msz1763074897.jpg
Beef,53055,Cevapi Sausages,https://www.themealdb.com/images/media/meals/vc08jn1628769553.jpg
Beef,53319,Chivito sandwich,https://www.themealdb.com/images/media/meals/j80gmw1764372176.jpg
Beef,53063,Chivito uruguayo,https://www.themealdb.com/images/media/meals/n7qnkb1630444129.jpg
Beef,53343,Classic Tourtière,https://www.themealdb.com/images/media/meals/0sd7ac1764787957.jpg
Beef,52998,Corned Beef and Cabbage,https://www.themealdb.com/images/media/meals/xb97a81583266727.jpg
Beef,53350,Corned Beef and Cabbage – Jamaican Style,https://www.themealdb.com/images/media/meals/kdz63q1764793442.jpg
Beef,53096,Corned Beef Hash,https://www.themealdb.com/images/media/meals/vz94r81760534692.jpg
Beef,53058,Croatian Bean Stew,https://www.themealdb.com/images/media/meals/tnwy8m1628770384.jpg
Beef,53056,Croatian lamb peka,https://www.themealdb.com/images/media/meals/pn59o51628769837.jpg
Beef,53098,Cumberland Pie,https://www.themealdb.com/images/media/meals/pvfkz61761595976.jpg
Beef,53193,Drunken noodles (pad kee mao),https://www.themealdb.com/images/media/meals/2wx8cm1763373419.jpg
Beef,53031,Egyptian Fatteh,https://www.themealdb.com/images/media/meals/rlwcc51598734603.jpg
Beef,53134,Empanadas,https://www.themealdb.com/images/media/meals/q99te31763075494.jpg
Beef,53021,Golabki (cabbage roll),https://www.themealdb.com/images/media/meals/q8sp3j1593349686.jpg
Beef,52781,Irish stew,https://www.themealdb.com/images/media/meals/sxxpst1468569714.jpg
Beef,52938,Jamaican Beef Patties,https://www.themealdb.com/images/media/meals/wsqqsw1515364068.jpg
Beef,53335,Jiggs Dinner,https://www.themealdb.com/images/media/meals/z1tfnw1764443171.jpg
Beef,53125,Karbonader (Lean Beef Patties) with Caramelized Onions,https://www.themealdb.com/images/media/meals/0bpjb11763075817.jpg
Beef,53112,Kenyan Beef Curry,https://www.themealdb.com/images/media/meals/lqampv1762325397.jpg
Beef,53211,Lemongrass beef stew with noodles,https://www.themealdb.com/images/media/meals/ntafxw1763586291.jpg
Beef,52947,Ma Po Tofu,https://www.themealdb.com/images/media/meals/1525874812.jpg
Beef,52827,Massaman Beef curry,https://www.themealdb.com/images/media/meals/tvttqv1504640475.jpg
Beef,53140,Matambre a la Pizza,https://www.themealdb.com/images/media/meals/wf49qs1763075222.jpg
Beef,53135,Milanesa,https://www.themealdb.com/images/media/meals/wdfa171763065079.jpg
Beef,52876,Minced Beef Pie,https://www.themealdb.com/images/media/meals/xwutvy1511555540.jpg
Beef,53109,Mini chilli beef pies,https://www.themealdb.com/images/media/meals/6sarfo1762340107.jpg
Beef,52927,Montreal Smoked Meat,https://www.themealdb.com/images/media/meals/uttupv1511815050.jpg
Beef,53006,Moussaka,https://www.themealdb.com/images/media/meals/ctg8jd1585563097.jpg
Beef,53029,Mulukhiyah,https://www.themealdb.com/images/media/meals/x372ug1598733932.jpg
Beef,52943,Oxtail with broad beans,https://www.themealdb.com/images/media/meals/1520083578.jpg
Beef,53017,Paszteciki (Polish Pasties),https://www.themealdb.com/images/media/meals/c9a3l31593261890.jpg
Beef,52930,Pate Chinois,https://www.themealdb.com/images/media/meals/yyrrxr1511816289.jpg
Beef,53042,Portuguese prego with green piri-piri,https://www.themealdb.com/images/media/meals/ewcikl1614348364.jpg
Beef,52941,Red Peas Soup,https://www.themealdb.com/images/media/meals/sqpqtp1515365614.jpg
Beef,53052,Roti john,https://www.themealdb.com/images/media/meals/hx335q1619789561.jpg
Beef,53217,Shawarma chuck roast wrap,https://www.themealdb.com/images/media/meals/swo87v1763595282.jpg
Beef,52992,Soy-Glazed Meatloaves with Wasabi Mashed Potatoes & Roasted Carrots,https://www.themealdb.com/images/media/meals/o2wb6p1581005243.jpg
Beef,52770,Spaghetti Bolognese,https://www.themealdb.com/images/media/meals/sutysw1468247559.jpg
Beef,53229,Steak & Vietnamese noodle salad,https://www.themealdb.com/images/media/meals/st9shl1763755808.jpg
Beef,52881,Steak and Kidney Pie,https://www.themealdb.com/images/media/meals/qysyss1511558054.jpg
Beef,52935,Steak Diane,https://www.themealdb.com/images/media/meals/vussxq1511882648.jpg
Beef,52950,Szechuan Beef,https://www.themealdb.com/images/media/meals/1529443236.jpg
Beef,53199,Thai beef stir-fry,https://www.themealdb.com/images/media/meals/kyuxew1763479470.jpg
Beef,53057,Traditional Croatian Goulash,https://www.themealdb.com/images/media/meals/n1hcou1628770088.jpg
Beef,53251,Turkish lahmacun,https://www.themealdb.com/images/media/meals/tqd3ac1763786065.jpg
Beef,53000,Vegetable Shepherds Pie,https://www.themealdb.com/images/media/meals/w8umt11583268117.jpg
Beef,53326,Venezuelan Sancocho,https://www.themealdb.com/images/media/meals/8859m71764377470.jpg
Beef,53328,Venezuelan Shredded Beef,https://www.themealdb.com/images/media/meals/mq27gf1764436795.jpg
Chicken,53085,15-minute chicken & halloumi burgers,https://www.themealdb.com/images/media/meals/vdwloy1713225718.jpg
Chicken,53050,Ayam Percik,https://www.themealdb.com/images/media/meals/020z181619788503.jpg
Chicken,52940,Brown Stew Chicken,https://www.themealdb.com/images/media/meals/sypxpx1515365095.jpg
Chicken,53016,Chick-Fil-A Sandwich,https://www.themealdb.com/images/media/meals/sbx7n71587673021.jpg
Chicken,53161,Chicken & chorizo rice pot,https://www.themealdb.com/images/media/meals/fk80jp1763280767.jpg
Chicken,52846,Chicken & mushroom Hotpot,https://www.themealdb.com/images/media/meals/uuuspp1511297945.jpg
Chicken,52796,Chicken Alfredo Primavera,https://www.themealdb.com/images/media/meals/syqypv1486981727.jpg
Chicken,52934,Chicken Basquaise,https://www.themealdb.com/images/media/meals/wruvqv1511880994.jpg
Chicken,52956,Chicken Congee,https://www.themealdb.com/images/media/meals/1529446352.jpg
Chicken,52850,Chicken Couscous,https://www.themealdb.com/images/media/meals/qxytrx1511304021.jpg
Chicken,52765,Chicken Enchilada Casserole,https://www.themealdb.com/images/media/meals/qtuwxu1468233098.jpg
Chicken,52818,Chicken Fajita Mac and Cheese,https://www.themealdb.com/images/media/meals/qrqywr1503066605.jpg
Chicken,53367,Chicken Fried Rice,https://www.themealdb.com/images/media/meals/wuyd2h1765655837.jpg
Chicken,52875,Chicken Ham and Leek Pie,https://www.themealdb.com/images/media/meals/xrrtss1511555269.jpg
Chicken,52795,Chicken Handi,https://www.themealdb.com/images/media/meals/wyxwsp1486979827.jpg
Chicken,52831,Chicken Karaage,https://www.themealdb.com/images/media/meals/tyywsw1505930373.jpg
Chicken,53358,Chicken Mandi,https://www.themealdb.com/images/media/meals/er4d081765186828.jpg
Chicken,52920,Chicken Marengo,https://www.themealdb.com/images/media/meals/qpxvuq1511798906.jpg
Chicken,52879,Chicken Parmentier,https://www.themealdb.com/images/media/meals/uwvxpv1511557015.jpg
Chicken,53011,Chicken Quinoa Greek Salad,https://www.themealdb.com/images/media/meals/k29viq1585565980.jpg
Chicken,53218,Chicken Shawarma with homemade garlic herb yoghurt sauce,https://www.themealdb.com/images/media/meals/hcg6l91763596970.jpg
Chicken,53261,"Chicken wings with cumin, lemon & garlic",https://www.themealdb.com/images/media/meals/4hzyvq1763792564.jpg
Chicken,53186,"Chicken with saffron, raisins & pine nuts",https://www.themealdb.com/images/media/meals/4mhr3u1763481087.jpg
Chicken,53365,Chinese Orange Chicken,https://www.themealdb.com/images/media/meals/s73ytv1765567838.jpg
Chicken,52832,Coq au vin,https://www.themealdb.com/images/media/meals/qstyvs1505931190.jpg
Chicken,52830,Crock Pot Chicken Baked Tacos,https://www.themealdb.com/images/media/meals/ypxvwv1505333929.jpg
Chicken,53143,Easy Spanish chicken,https://www.themealdb.com/images/media/meals/kzxflc1763194887.jpg
Chicken,52996,French Onion Chicken with Roasted Carrots & Mashed Potatoes,https://www.themealdb.com/images/media/meals/b5ft861583188991.jpg
Chicken,52951,General Tsos Chicken,https://www.themealdb.com/images/media/meals/1529444113.jpg
Chicken,52993,Honey Balsamic Chicken with Crispy Broccoli & Potatoes,https://www.themealdb.com/images/media/meals/kvbotn1581012881.jpg
Chicken,53345,Jamaican Curry Chicken Recipe,https://www.themealdb.com/images/media/meals/o5fuq51764789643.jpg
Chicken,52937,Jerk chicken with rice & peas,https://www.themealdb.com/images/media/meals/tytyxu1515363282.jpg
Chicken,53220,kabse,https://www.themealdb.com/images/media/meals/utqnjv1763598650.jpg
Chicken,52820,Katsu Chicken curry,https://www.themealdb.com/images/media/meals/vwrpps1503068729.jpg
Chicken,52813,Kentucky Fried Chicken,https://www.themealdb.com/images/media/meals/40r49m1763197022.jpg
Chicken,52945,Kung Pao Chicken,https://www.themealdb.com/images/media/meals/1525872624.jpg
Chicken,52851,Nutty Chicken Curry,https://www.themealdb.com/images/media/meals/yxsurp1511304301.jpg
Chicken,52774,Pad See Ew,https://www.themealdb.com/images/media/meals/uuuspp1468263334.jpg
Chicken,53192,Panang chicken curry (kaeng panang gai),https://www.themealdb.com/images/media/meals/0dhtwr1763371444.jpg
Chicken,53039,Piri-piri chicken and slaw,https://www.themealdb.com/images/media/meals/hglsbl1614346998.jpg
Chicken,53162,Pollo en pepitoria,https://www.themealdb.com/images/media/meals/li30ck1763281992.jpg
Chicken,52780,Potato Gratin with Chicken,https://www.themealdb.com/images/media/meals/qwrtut1468418027.jpg
Chicken,53280,Poulet Roti a l'Algerienne (Algerian Roast Chicken),https://www.themealdb.com/images/media/meals/nlxald1764112200.jpg
Chicken,52933,Rappie Pie,https://www.themealdb.com/images/media/meals/ruwpww1511817242.jpg
Chicken,53204,Red curry chicken kebabs,https://www.themealdb.com/images/media/meals/prjve31763486864.jpg
Chicken,53268,Roasted chicken with creamy walnut sauce,https://www.themealdb.com/images/media/meals/ro8mzj1763800655.jpg
Chicken,53020,Rosol (Polish Chicken Soup),https://www.themealdb.com/images/media/meals/lx1kkj1593349302.jpg
Chicken,53028,Shawarma,https://www.themealdb.com/images/media/meals/kcv6hj1598733479.jpg
Chicken,53264,Smoky chicken skewers,https://www.themealdb.com/images/media/meals/3um6il1763794322.jpg
Chicken,53181,Spanish beans with chicken & chorizo,https://www.themealdb.com/images/media/meals/bpkxtw1763332446.jpg
Chicken,53164,Spanish Chicken,https://www.themealdb.com/images/media/meals/pqulvm1763282839.jpg
Chicken,53155,Spanish chicken pie,https://www.themealdb.com/images/media/meals/8ovxf41763253962.jpg
Chicken,53105,Spiced smoky barbecued chicken,https://www.themealdb.com/images/media/meals/a08uqk1761848682.jpg
Chicken,53110,Sticky Chicken,https://www.themealdb.com/images/media/meals/cj56fs1762340001.jpg
Chicken,53201,Stir-fried chicken with chillies & basil,https://www.themealdb.com/images/media/meals/el64dy1763483009.jpg
Chicken,53376,Sweet and Sour Chicken,https://www.themealdb.com/images/media/meals/arzs741766434335.jpg
Chicken,53287,Tajine de Poulet aux Carottes et Patates Douces (Chicken and Sweet Potato Tagine),https://www.themealdb.com/images/media/meals/d8bfyg1764117503.jpg
Chicken,52806,Tandoori chicken,https://www.themealdb.com/images/media/meals/qptpvt1487339892.jpg
Chicken,52772,Teriyaki Chicken Casserole,https://www.themealdb.com/images/media/meals/wvpsxx1468256321.jpg
Chicken,53206,Thai chicken cakes with sweet chilli sauce,https://www.themealdb.com/images/media/meals/6s3i3p1763488540.jpg
Chicken,53212,Thai drumsticks,https://www.themealdb.com/images/media/meals/ittake1763586925.jpg
Chicken,53214,Thai green chicken soup,https://www.themealdb.com/images/media/meals/7kb44y1763589084.jpg
Chicken,52814,Thai Green Curry,https://www.themealdb.com/images/media/meals/sstssx1487349585.jpg
Chicken,53207,Tom kha gai,https://www.themealdb.com/images/media/meals/ol2xxt1763582263.jpg
Chicken,53327,Venezuelan Coconut Chicken,https://www.themealdb.com/images/media/meals/z2sw3o1764378271.jpg
Chicken,53232,Vietnamese chicken salad,https://www.themealdb.com/images/media/meals/pk8wtn1763758591.jpg
Dessert,53120,Æbleskiver,https://www.themealdb.com/images/media/meals/wkhg581762773124.jpg
Dessert,53138,Alfajores,https://www.themealdb.com/images/media/meals/a4kgf21763075288.jpg
Dessert,53111,Anzac biscuits,https://www.themealdb.com/images/media/meals/q47rkb1762324620.jpg
Dessert,53049,Apam balik,https://www.themealdb.com/images/media/meals/adxcbq1619787919.jpg
Dessert,52893,Apple & Blackberry Crumble,https://www.themealdb.com/images/media/meals/xvsurr1511719182.jpg
Dessert,53380,Apple cake,https://www.themealdb.com/images/media/meals/c0gmo31766594751.jpg
Dessert,52768,Apple Frangipan Tart,https://www.themealdb.com/images/media/meals/wxywrq1468235067.jpg
Dessert,53276,Apricot & Turkish delight mess,https://www.themealdb.com/images/media/meals/p277uc1764109195.jpg
Dessert,53392,Arnhemse meisjes,https://www.themealdb.com/images/media/meals/y4t9zg1777628842.jpg
Dessert,53127,Authentic Norwegian Kransekake,https://www.themealdb.com/images/media/meals/yk78uc1763075719.jpg
Dessert,52767,Bakewell tart,https://www.themealdb.com/images/media/meals/wyrqqq1468233628.jpg
Dessert,53279,"Baklava with spiced nuts, ricotta & chocolate",https://www.themealdb.com/images/media/meals/ytme8t1764111401.jpg
Dessert,52855,Banana Pancakes,https://www.themealdb.com/images/media/meals/sywswr1511383814.jpg
Dessert,52894,Battenberg Cake,https://www.themealdb.com/images/media/meals/ywwrsp1511720277.jpg
Dessert,52928,BeaverTails,https://www.themealdb.com/images/media/meals/ryppsv1511815505.jpg
Dessert,53316,Beetroot pancakes,https://www.themealdb.com/images/media/meals/xlqqhw1764369924.jpg
Dessert,52891,Blackberry Fool,https://www.themealdb.com/images/media/meals/rpvptu1511641092.jpg
Dessert,53100,Blueberry & lemon friands,https://www.themealdb.com/images/media/meals/e756bf1761848342.jpg
Dessert,53385,Boterkoek (Dutch Butter Cake),https://www.themealdb.com/images/media/meals/tkwxmv1777540463.jpg
Dessert,52792,Bread and Butter Pudding,https://www.themealdb.com/images/media/meals/xqwwpy1483908697.jpg
Dessert,52961,Budino Di Ricotta,https://www.themealdb.com/images/media/meals/1549542877.jpg
Dessert,52923,Canadian Butter Tarts,https://www.themealdb.com/images/media/meals/wpputp1511812960.jpg
Dessert,53360,Caribbean Tamarind balls,https://www.themealdb.com/images/media/meals/z1hz7z1765316430.jpg
Dessert,52897,Carrot Cake,https://www.themealdb.com/images/media/meals/vrspxv1511722107.jpg
Dessert,52976,Cashew Ghoriba Biscuits,https://www.themealdb.com/images/media/meals/t3r3ka1560461972.jpg
Dessert,52898,Chelsea Buns,https://www.themealdb.com/images/media/meals/vqpwrv1511723001.jpg
Dessert,52910,Chinon Apple Tarts,https://www.themealdb.com/images/media/meals/qtqwwu1511792650.jpg
Dessert,52856,Choc Chip Pecan Pie,https://www.themealdb.com/images/media/meals/rqvwxt1511384809.jpg
Dessert,53320,Chocolate alfajores,https://www.themealdb.com/images/media/meals/k9o0xr1764373018.jpg
Dessert,52853,Chocolate Avocado Mousse,https://www.themealdb.com/images/media/meals/uttuxy1511382180.jpg
Dessert,52966,Chocolate Caramel Crispy,https://www.themealdb.com/images/media/meals/1550442508.jpg
Dessert,53170,Chocolate churros with chocolate & salted caramel sauce,https://www.themealdb.com/images/media/meals/erzs951763296201.jpg
Dessert,53101,Chocolate Coconut Squares,https://www.themealdb.com/images/media/meals/8oupz51761848432.jpg
Dessert,53324,Chocolate empanadas,https://www.themealdb.com/images/media/meals/u9ezi21764375474.jpg
Dessert,52776,Chocolate Gateau,https://www.themealdb.com/images/media/meals/tqtywx1468317395.jpg
Dessert,52860,Chocolate Raspberry Brownies,https://www.themealdb.com/images/media/meals/yypvst1511386427.jpg
Dessert,52905,Chocolate Souffle,https://www.themealdb.com/images/media/meals/twspvx1511784937.jpg
Dessert,52990,Christmas cake,https://www.themealdb.com/images/media/meals/ldnrm91576791881.jpg
Dessert,52788,Christmas Pudding Flapjack,https://www.themealdb.com/images/media/meals/vvusxs1483907034.jpg
Dessert,52989,Christmas Pudding Trifle,https://www.themealdb.com/images/media/meals/r33cud1576791081.jpg
Dessert,53153,Churros,https://www.themealdb.com/images/media/meals/nxnny61763250596.jpg
Dessert,53116,Cinnamon buns,https://www.themealdb.com/images/media/meals/as88dq1762772486.jpg
Dessert,52988,Classic Christmas pudding,https://www.themealdb.com/images/media/meals/1d85821576790598.jpg
Dessert,53291,Cornes de Gazelle (Gazelle Horns),https://www.themealdb.com/images/media/meals/0h1b7m1764120235.jpg
Dessert,53148,Crema Catalana,https://www.themealdb.com/images/media/meals/x73ll91763247842.jpg
Dessert,53338,Date squares,https://www.themealdb.com/images/media/meals/u4scbo1764446514.jpg
Dessert,53137,Dulce de Leche,https://www.themealdb.com/images/media/meals/jyjlhj1763075323.jpg
Dessert,52899,Dundee cake,https://www.themealdb.com/images/media/meals/wxyvqq1511723401.jpg
Dessert,53386,Dutch Apple Pie,https://www.themealdb.com/images/media/meals/zy4fs51777540384.jpg
Dessert,53393,Dutch doughnuts,https://www.themealdb.com/images/media/meals/cz1d6v1777627421.jpg
Dessert,53387,Dutch Spiced Breakfast Cake (Ontbijtkoek),https://www.themealdb.com/images/media/meals/uwq8001777540502.jpg
Dessert,53382,Dutch stroopwafel,https://www.themealdb.com/images/media/meals/8cvkcz1766596315.jpg
Dessert,53285,Dziriat (Algerian Almond Tarts),https://www.themealdb.com/images/media/meals/ne5wzp1764115568.jpg
Dessert,52888,Eccles Cakes,https://www.themealdb.com/images/media/meals/wtqrqw1511639627.jpg
Dessert,53149,Ensaimada,https://www.themealdb.com/images/media/meals/1ugsho1763248007.jpg
Dessert,52791,Eton Mess,https://www.themealdb.com/images/media/meals/uuxwvq1483907861.jpg
Dessert,53342,Figgy Duff,https://www.themealdb.com/images/media/meals/kzi6p51764787198.jpg
Dessert,53322,Flan,https://www.themealdb.com/images/media/meals/0s80wo1764374393.jpg
Dessert,53341,Flapper Pie,https://www.themealdb.com/images/media/meals/6ht8141764786479.jpg
Dessert,53131,Fyrstekake – Norwegian Prince Cake,https://www.themealdb.com/images/media/meals/9zqrod1763075574.jpg
Dessert,53381,Gevulde speculaas,https://www.themealdb.com/images/media/meals/rw64di1766595573.jpg
Dessert,53346,Grape Nut Ice Cream,https://www.themealdb.com/images/media/meals/1xscby1764790242.jpg
Dessert,53007,Honey Yogurt Cheesecake,https://www.themealdb.com/images/media/meals/y2irzl1585563479.jpg
Dessert,52787,Hot Chocolate Fudge,https://www.themealdb.com/images/media/meals/xrysxr1483568462.jpg
Dessert,53339,Jam jam cookies,https://www.themealdb.com/images/media/meals/sktequ1764447186.jpg
Dessert,52890,Jam Roly-Poly,https://www.themealdb.com/images/media/meals/ysqupp1511640538.jpg
Dessert,53351,Jamaican Banana Fritters,https://www.themealdb.com/images/media/meals/ul2uy31764794321.jpg
Dessert,53348,Jamaican Spice Bun Recipe,https://www.themealdb.com/images/media/meals/08c5f41764791918.jpg
Dessert,53344,Jamaican Sweet Potato Pudding,https://www.themealdb.com/images/media/meals/xj9sa81764788866.jpg
Dessert,52859,Key Lime Pie,https://www.themealdb.com/images/media/meals/qpqtuu1511386216.jpg
Dessert,53216,Knafeh,https://www.themealdb.com/images/media/meals/76nffj1763593933.jpg
Dessert,53015,Krispy Kreme Donut,https://www.themealdb.com/images/media/meals/4i5cnx1587672171.jpg
Dessert,53128,Kvæfjord Cake “Verdens Beste” (World’s Best Cake),https://www.themealdb.com/images/media/meals/gdn1ot1763075684.jpg
Dessert,53104,Lamingtons,https://www.themealdb.com/images/media/meals/j2n7vg1761848636.jpg
Dessert,52900,Madeira Cake,https://www.themealdb.com/images/media/meals/urtqut1511723591.jpg
Dessert,53221,Mamoul (Eid biscuits),https://www.themealdb.com/images/media/meals/35kejr1763599712.jpg
Dessert,53132,Mazariner – Scandinavian Almond Tartlets,https://www.themealdb.com/images/media/meals/uh1n5u1763075545.jpg
Dessert,52991,Mince Pies,https://www.themealdb.com/images/media/meals/qe8pf51576795532.jpg
Dessert,53304,Mini bundt cakes,https://www.themealdb.com/images/media/meals/tzt3it1764363293.jpg
Dessert,52924,Nanaimo Bars,https://www.themealdb.com/images/media/meals/vwuprt1511813703.jpg
Dessert,52858,New York cheesecake,https://www.themealdb.com/images/media/meals/swttys1511385853.jpg
Dessert,53347,No-Churn Rum Raisin Ice Cream,https://www.themealdb.com/images/media/meals/s9qyzd1764790772.jpg
Dessert,53129,Norwegian Krumkake,https://www.themealdb.com/images/media/meals/z9g8011763075640.jpg
Dessert,52854,Pancakes,https://www.themealdb.com/images/media/meals/rwuyqx1511383174.jpg
Dessert,52902,Parkin Cake,https://www.themealdb.com/images/media/meals/qxuqtt1511724269.jpg
Dessert,53333,Passion fruit mousse,https://www.themealdb.com/images/media/meals/gkcdpl1764441325.jpg
Dessert,52862,Peach & Blueberry Grunt,https://www.themealdb.com/images/media/meals/ssxvup1511387476.jpg
Dessert,52861,Peanut Butter Cheesecake,https://www.themealdb.com/images/media/meals/qtuuys1511387068.jpg
Dessert,52958,Peanut Butter Cookies,https://www.themealdb.com/images/media/meals/1544384070.jpg
Dessert,52916,Pear Tarte Tatin,https://www.themealdb.com/images/media/meals/rxvxrr1511797671.jpg
Dessert,53292,Piernik (Polish gingerbread),https://www.themealdb.com/images/media/meals/kwmdk41764120884.jpg
Dessert,53293,Pistachio cake,https://www.themealdb.com/images/media/meals/xvgpng1764121726.jpg
Dessert,53224,Pistachio Kunafa Chocolate Cake and Cupcakes,https://www.themealdb.com/images/media/meals/yh3sg71763741307.jpg
Dessert,53295,Polish chocolate & walnut cake,https://www.themealdb.com/images/media/meals/e8ihjp1764123021.jpg
Dessert,53298,Polish doughnuts (Pączki),https://www.themealdb.com/images/media/meals/x6jqog1764359857.jpg
Dessert,53022,Polskie Nalesniki (Polish Pancakes),https://www.themealdb.com/images/media/meals/58bkyo1593350017.jpg
Dessert,53046,Portuguese custard tarts,https://www.themealdb.com/images/media/meals/vmz7gl1614350221.jpg
Dessert,53323,Postre Chajá,https://www.themealdb.com/images/media/meals/wii0591764375062.jpg
Dessert,52932,Pouding chomeur,https://www.themealdb.com/images/media/meals/yqqqwu1511816912.jpg
Dessert,52857,Pumpkin Pie,https://www.themealdb.com/images/media/meals/usuqtp1511385394.jpg
Dessert,53303,Raspberry mousse,https://www.themealdb.com/images/media/meals/v5jrnn1764362830.jpg
Dessert,52901,Rock Cakes,https://www.themealdb.com/images/media/meals/tqrrsq1511723764.jpg
Dessert,52786,Rocky Road Fudge,https://www.themealdb.com/images/media/meals/vtxyxv1483567157.jpg
Dessert,53024,Rogaliki (Polish Croissant Cookies),https://www.themealdb.com/images/media/meals/7mxnzz1593350801.jpg
Dessert,52833,Salted Caramel Cheescake,https://www.themealdb.com/images/media/meals/xqrwyr1511133646.jpg
Dessert,53337,Saskatoon Pie,https://www.themealdb.com/images/media/meals/5xdrkw1764444472.jpg
Dessert,53054,Seri muka kuih,https://www.themealdb.com/images/media/meals/6ut2og1619790195.jpg
Dessert,53395,Slagroomtaart,https://www.themealdb.com/images/media/meals/wxfmk41777628643.jpg
Dessert,53163,Spanish fig & almond balls,https://www.themealdb.com/images/media/meals/si2rty1763282314.jpg
Dessert,52886,Spotted Dick,https://www.themealdb.com/images/media/meals/xqvyqr1511638875.jpg
Dessert,52883,Sticky Toffee Pudding,https://www.themealdb.com/images/media/meals/xqqqtu1511637379.jpg
Dessert,52793,Sticky Toffee Pudding Ultimate,https://www.themealdb.com/images/media/meals/xrptpq1483909204.jpg
Dessert,53082,Strawberries Romanoff,https://www.themealdb.com/images/media/meals/oe8rg51699014028.jpg
Dessert,53005,Strawberry Rhubarb Pie,https://www.themealdb.com/images/media/meals/178z5o1585514569.jpg
Dessert,52931,Sugar Pie,https://www.themealdb.com/images/media/meals/yrstur1511816601.jpg
Dessert,53130,Suksessterte (Norwegian almond “success cake”),https://www.themealdb.com/images/media/meals/de83k51763075604.jpg
Dessert,53187,Šúĺlance s Makom,https://www.themealdb.com/images/media/meals/d6o4nu1763362422.jpg
Dessert,52889,Summer Pudding,https://www.themealdb.com/images/media/meals/rsqwus1511640214.jpg
Dessert,53119,Tall Skoleboller,https://www.themealdb.com/images/media/meals/xihiu41762773169.jpg
Dessert,52909,Tarte Tatin,https://www.themealdb.com/images/media/meals/ryspuw1511786688.jpg
Dessert,52929,Timbits,https://www.themealdb.com/images/media/meals/txsupu1511815755.jpg
Dessert,53391,Traditional Dutch rice tart (rijstevlaai),https://www.themealdb.com/images/media/meals/x8opo81777582259.jpg
Dessert,52892,Treacle Tart,https://www.themealdb.com/images/media/meals/wprvrw1511641295.jpg
Dessert,52970,Tunisian Orange Cake,https://www.themealdb.com/images/media/meals/y4jpgq1560459207.jpg
Dessert,53321,Vanilla alfajores,https://www.themealdb.com/images/media/meals/3wnyvh1764373818.jpg
Dessert,53062,Walnut Roll Gužvara,https://www.themealdb.com/images/media/meals/u9l7k81628771647.jpg
Dessert,53271,"Walnut, date & honey cake",https://www.themealdb.com/images/media/meals/towo9c1763814590.jpg
Dessert,52917,White chocolate creme brulee,https://www.themealdb.com/images/media/meals/uryqru1511798039.jpg
Dessert,53394,Zeeuwse bolussen,https://www.themealdb.com/images/media/meals/qawvoy1777627952.jpg
Lamb,53262,Adana kebab,https://www.themealdb.com/images/media/meals/04axct1763793018.jpg
Lamb,53265,Chilli ginger lamb chops,https://www.themealdb.com/images/media/meals/8xuvhj1763794991.jpg
Lamb,53289,"Chorba Hamra bel Frik (Algerian Lamb, Tomato, and Freekeh Soup)",https://www.themealdb.com/images/media/meals/p9tebp1764118792.jpg
Lamb,53123,Fårikål (Norwegian National Dish),https://www.themealdb.com/images/media/meals/ttfxxn1762773067.jpg
Lamb,53258,Hot cumin lamb wrap with crunchy slaw & spicy mayo,https://www.themealdb.com/images/media/meals/jyylmo1763790808.jpg
Lamb,53253,Imam bayildi with BBQ lamb & tzatziki,https://www.themealdb.com/images/media/meals/ampz9v1763787134.jpg
Lamb,52769,Kapsalon,https://www.themealdb.com/images/media/meals/sxysrt1468240488.jpg
Lamb,52974,Keleya Zaara,https://www.themealdb.com/images/media/meals/8x09hy1560460923.jpg
Lamb,53257,kofta burgers,https://www.themealdb.com/images/media/meals/lgmnff1763789847.jpg
Lamb,53277,Lamb & apricot meatballs,https://www.themealdb.com/images/media/meals/72fgzj1764109947.jpg
Lamb,53009,Lamb and Lemon Souvlaki,https://www.themealdb.com/images/media/meals/rjhf741585564676.jpg
Lamb,52877,Lamb and Potato pie,https://www.themealdb.com/images/media/meals/sxrpws1511555907.jpg
Lamb,52805,Lamb Biryani,https://www.themealdb.com/images/media/meals/xrttsx1487339558.jpg
Lamb,53083,Lamb Pilaf (Plov),https://www.themealdb.com/images/media/meals/kos9av1699014767.jpg
Lamb,52808,Lamb Rogan josh,https://www.themealdb.com/images/media/meals/vvstvq1487342592.jpg
Lamb,52843,Lamb Tagine,https://www.themealdb.com/images/media/meals/yuwtuu1511295751.jpg
Lamb,52782,Lamb tomato and sweet spices,https://www.themealdb.com/images/media/meals/qtwtss1468572261.jpg
Lamb,53010,Lamb Tzatziki Burgers,https://www.themealdb.com/images/media/meals/k420tj1585565244.jpg
Lamb,52884,Lancashire hotpot,https://www.themealdb.com/images/media/meals/uttrxw1511637813.jpg
Lamb,52880,McSinghs Scotch pie,https://www.themealdb.com/images/media/meals/vssrtx1511557680.jpg
Lamb,52783,Rigatoni with fennel sausage sauce,https://www.themealdb.com/images/media/meals/qtqvys1468573168.jpg
Lamb,53260,"Slow-roast lamb with cinnamon, fennel & citrus",https://www.themealdb.com/images/media/meals/gr4lo51763791826.jpg
Lamb,53175,Spanish-style slow-cooked lamb shoulder & beans,https://www.themealdb.com/images/media/meals/9kwatm1763327074.jpg
Lamb,53008,Stuffed Lamb Tomatoes,https://www.themealdb.com/images/media/meals/u55lbp1585564013.jpg
Lamb,52972,Tunisian Lamb Soup,https://www.themealdb.com/images/media/meals/t8mn9g1560460231.jpg
Lamb,53263,Turkish lamb pilau,https://www.themealdb.com/images/media/meals/cr2kyr1763793839.jpg
Lamb,53270,Turkish-style lamb,https://www.themealdb.com/images/media/meals/0p7l6b1763813981.jpg
Lamb,53231,Vietnamese lamb shanks with sweet potatoes,https://www.themealdb.com/images/media/meals/7xte3u1763757761.jpg
Miscellaneous,52848,Bean & Sausage Hotpot,https://www.themealdb.com/images/media/meals/vxuyrx1511302687.jpg
Miscellaneous,52939,Callaloo Jamaican Style,https://www.themealdb.com/images/media/meals/ussyxw1515364536.jpg
Miscellaneous,52969,Chakchouka,https://www.themealdb.com/images/media/meals/gpz67p1560458984.jpg
Miscellaneous,52907,Duck Confit,https://www.themealdb.com/images/media/meals/wvpvsu1511786158.jpg
Miscellaneous,52815,French Lentils With Garlic and Thyme,https://www.themealdb.com/images/media/meals/vwwspt1487394060.jpg
Miscellaneous,52915,French Omelette,https://www.themealdb.com/images/media/meals/yvpuuy1511797244.jpg
Miscellaneous,53146,Locro,https://www.themealdb.com/images/media/meals/5sgsob1763196284.jpg
Miscellaneous,53086,Migas,https://www.themealdb.com/images/media/meals/xd9aj21740432378.jpg
Miscellaneous,53223,Mutabbaq,https://www.themealdb.com/images/media/meals/i5o2b61763739053.jpg
Miscellaneous,52810,Osso Buco alla Milanese,https://www.themealdb.com/images/media/meals/wwuqvt1487345467.jpg
Miscellaneous,53014,Pizza Express Margherita,https://www.themealdb.com/images/media/meals/x0lk931587671540.jpg
Miscellaneous,52804,Poutine,https://www.themealdb.com/images/media/meals/uuyrrx1487327597.jpg
Miscellaneous,53230,Purple sprouting broccoli tempura with nuoc cham,https://www.themealdb.com/images/media/meals/xnv4wf1763756529.jpg
Miscellaneous,53383,Ramen Noodles with Boiled Egg,https://www.themealdb.com/images/media/meals/ip5xtp1769779958.jpg
Miscellaneous,53215,Shakshouka,https://www.themealdb.com/images/media/meals/crd1jz1763592990.jpg
Miscellaneous,53219,Shakshuka Feta Cheese,https://www.themealdb.com/images/media/meals/wpkfin1763597958.jpg
Miscellaneous,53183,"Spanish meatballs with clams, chorizo & squid",https://www.themealdb.com/images/media/meals/2wt8721763334199.jpg
Miscellaneous,53089,Syrian Bread,https://www.themealdb.com/images/media/meals/54xzk31760524666.jpg
Miscellaneous,53095,Syrian Rice with Meat,https://www.themealdb.com/images/media/meals/zg2b9l1760524940.jpg
Miscellaneous,52912,Three-cheese souffles,https://www.themealdb.com/images/media/meals/sxwquu1511793428.jpg
Miscellaneous,53249,Turkey Bánh mì,https://www.themealdb.com/images/media/meals/1wj8w31763781990.jpg
Miscellaneous,52845,Turkey Meatloaf,https://www.themealdb.com/images/media/meals/ypuxtw1511297463.jpg
Miscellaneous,53252,Turkish rice (vermicelli rice),https://www.themealdb.com/images/media/meals/xw1ruy1763786501.jpg
Miscellaneous,53097,Yorkshire Puddings,https://www.themealdb.com/images/media/meals/x5qz5k1761595900.jpg
Pasta,52839,Chilli prawn linguine,https://www.themealdb.com/images/media/meals/usywpp1511189717.jpg
Pasta,53064,Fettuccine Alfredo,https://www.themealdb.com/images/media/meals/0jv5gx1661040802.jpg
Pasta,52835,Fettucine alfredo,https://www.themealdb.com/images/media/meals/uquqtu1511178042.jpg
Pasta,52829,Grilled Mac and Cheese Sandwich,https://www.themealdb.com/images/media/meals/xutquv1505330523.jpg
Pasta,52987,Lasagna Sandwiches,https://www.themealdb.com/images/media/meals/xr0n4r1576788363.jpg
Pasta,52844,Lasagne,https://www.themealdb.com/images/media/meals/wtsvxx1511296896.jpg
Pasta,52837,Pilchard puttanesca,https://www.themealdb.com/images/media/meals/vvtvtr1511180578.jpg
Pasta,52982,Spaghetti alla Carbonara,https://www.themealdb.com/images/media/meals/llcbn01574260722.jpg
Pasta,53093,Syrian Spaghetti,https://www.themealdb.com/images/media/meals/5fu4ew1760524857.jpg
Pasta,52838,Venetian Duck Ragu,https://www.themealdb.com/images/media/meals/qvrwpt1511181864.jpg
Pork,52885,Bubble & Squeak,https://www.themealdb.com/images/media/meals/xusqvw1511638311.jpg
Pork,53156,Arroz al horno (baked rice),https://www.themealdb.com/images/media/meals/qt4i0n1763256454.jpg
Pork,53242,Barbecue pork buns,https://www.themealdb.com/images/media/meals/tzsy461763769901.jpg
Pork,52995,BBQ Pork Sloppy Joes,https://www.themealdb.com/images/media/meals/atd5sh1583188467.jpg
Pork,53018,Bigos (Hunters Stew),https://www.themealdb.com/images/media/meals/md8w601593348504.jpg
Pork,53036,Boxty Breakfast,https://www.themealdb.com/images/media/meals/naqyel1608588563.jpg
Pork,53190,Bryndzové Halušky,https://www.themealdb.com/images/media/meals/g33c901763365484.jpg
Pork,53330,Cassava pizza,https://www.themealdb.com/images/media/meals/lrfdwz1764438393.jpg
Pork,53166,"Chickpea, chorizo & spinach stew",https://www.themealdb.com/images/media/meals/xvnx8j1763287209.jpg
Pork,53136,Choripán,https://www.themealdb.com/images/media/meals/5i25sg1763075353.jpg
Pork,53168,Chorizo & chickpea soup,https://www.themealdb.com/images/media/meals/kggfo91763288633.jpg
Pork,53157,Chorizo & soft-boiled egg salad,https://www.themealdb.com/images/media/meals/v8eaed1763257313.jpg
Pork,53185,Chorizo & tomato salad,https://www.themealdb.com/images/media/meals/6cskio1763338156.jpg
Pork,53159,"Chorizo, potato & cheese omelette",https://www.themealdb.com/images/media/meals/0y6uvc1763258983.jpg
Pork,53037,Coddled pork with cider,https://www.themealdb.com/images/media/meals/7vpsfp1608588991.jpg
Pork,52999,Crispy Sausages and Greens,https://www.themealdb.com/images/media/meals/st1ifa1583267248.jpg
Pork,53188,Fašírky,https://www.themealdb.com/images/media/meals/gtpvwp1763363947.jpg
Pork,53179,Ham croquetas,https://www.themealdb.com/images/media/meals/6dpa7m1763331105.jpg
Pork,53035,Ham hock colcannon,https://www.themealdb.com/images/media/meals/n41ny81608588066.jpg
Pork,52954,Hot and Sour Soup,https://www.themealdb.com/images/media/meals/1529445893.jpg
Pork,53145,Jamon & wild garlic croquetas,https://www.themealdb.com/images/media/meals/zc9cwz1763196177.jpg
Pork,53034,Japanese Katsudon,https://www.themealdb.com/images/media/meals/d8f6qx1604182128.jpg
Pork,53301,Pork & sauerkraut goulash,https://www.themealdb.com/images/media/meals/cyuhwp1764362103.jpg
Pork,52847,Pork Cassoulet,https://www.themealdb.com/images/media/meals/wxuvuv1511299147.jpg
Pork,53306,Pork rib bortsch,https://www.themealdb.com/images/media/meals/om5hsl1764364721.jpg
Pork,53044,Portuguese barbecued pork (Febras assadas),https://www.themealdb.com/images/media/meals/cybyue1614349443.jpg
Pork,53124,Raspeballer (Norwegian Potato Dumplings),https://www.themealdb.com/images/media/meals/hhm7xy1763075871.jpg
Pork,53227,Rice paper dumplings,https://www.themealdb.com/images/media/meals/sfahy01763752319.jpg
Pork,53315,Rosemary braised red cabbage with kabanos,https://www.themealdb.com/images/media/meals/s1jxzl1764369317.jpg
Pork,52994,Skillet Apple Pork Chops with Roasted Sweet Potatoes & Zucchini,https://www.themealdb.com/images/media/meals/h3ijwo1581013377.jpg
Pork,53302,"Slow-roasted ham with lemon, garlic & sage",https://www.themealdb.com/images/media/meals/w36ets1764362474.jpg
Pork,53177,Spaghetti with Spanish flavours,https://www.themealdb.com/images/media/meals/vpcqn01763335688.jpg
Pork,53176,Spanish tomato bread with jamón Serrano,https://www.themealdb.com/images/media/meals/hsp1fo1763327867.jpg
Pork,52980,Stamppot,https://www.themealdb.com/images/media/meals/hyarod1565090529.jpg
Pork,52949,Sweet and Sour Pork,https://www.themealdb.com/images/media/meals/1529442316.jpg
Pork,53197,Thai pork & peanut curry,https://www.themealdb.com/images/media/meals/snmtd61763426568.jpg
Pork,52822,Toad In The Hole,https://www.themealdb.com/images/media/meals/ytuvwr1503070420.jpg
Pork,53032,Tonkatsu pork,https://www.themealdb.com/images/media/meals/lwsnkl1604181187.jpg
Pork,53318,Torta de fiambre,https://www.themealdb.com/images/media/meals/okl9cm1764371087.jpg
Pork,52926,Tourtiere,https://www.themealdb.com/images/media/meals/ytpstt1511814614.jpg
Pork,52828,Vietnamese Grilled Pork (bun-thit-nuong),https://www.themealdb.com/images/media/meals/qqwypw1504642429.jpg
Pork,53237,Vietnamese pork salad,https://www.themealdb.com/images/media/meals/g7jomp1763763994.jpg
Pork,53235,Vietnamese-style caramel pork,https://www.themealdb.com/images/media/meals/4mzt101763761546.jpg
Pork,53106,Warm roast asparagus salad,https://www.themealdb.com/images/media/meals/ktsws11761998344.jpg
Pork,52948,Wontons,https://www.themealdb.com/images/media/meals/1525876468.jpg
Pork,53294,Zapiekanki,https://www.themealdb.com/images/media/meals/72lmpt1764122511.jpg
Seafood,53147,Arroz con gambas y calamar,https://www.themealdb.com/images/media/meals/jc6oub1763196663.jpg
Seafood,52959,Baked salmon with fennel & tomatoes,https://www.themealdb.com/images/media/meals/1548772327.jpg
Seafood,53239,Bang bang prawn salad,https://www.themealdb.com/images/media/meals/4xcfai1763765676.jpg
Seafood,53103,Barramundi with Moroccan spices,https://www.themealdb.com/images/media/meals/4o4wh11761848573.jpg
Seafood,52819,Cajun spiced fish tacos,https://www.themealdb.com/images/media/meals/uvuyxu1503067369.jpg
Seafood,53154,"Clam, chorizo & white bean stew",https://www.themealdb.com/images/media/meals/92wbmf1763252334.jpg
Seafood,53370,Egg Foo Young,https://www.themealdb.com/images/media/meals/47y6ii1765658818.jpg
Seafood,52944,Escovitch Fish,https://www.themealdb.com/images/media/meals/1520084413.jpg
Seafood,53043,Fish fofos,https://www.themealdb.com/images/media/meals/a15wsa1614349126.jpg
Seafood,52802,Fish pie,https://www.themealdb.com/images/media/meals/ysxwuq1487323065.jpg
Seafood,53079,Fish Soup (Ukha),https://www.themealdb.com/images/media/meals/7n8su21699013057.jpg
Seafood,52918,Fish Stew with Rouille,https://www.themealdb.com/images/media/meals/vptqpw1511798500.jpg
Seafood,53122,Fiskesuppe (Creamy Norwegian Fish Soup),https://www.themealdb.com/images/media/meals/raqjbj1762773035.jpg
Seafood,53178,Fried calamari,https://www.themealdb.com/images/media/meals/yhi46r1763330279.jpg
Seafood,53144,Gambas al ajillo,https://www.themealdb.com/images/media/meals/ze8uwg1763196123.jpg
Seafood,52764,Garides Saganaki,https://www.themealdb.com/images/media/meals/wuvryu1468232995.jpg
Seafood,53180,Garlicky prawns with sherry,https://www.themealdb.com/images/media/meals/u2lhqb1763331899.jpg
Seafood,53041,Grilled Portuguese sardines,https://www.themealdb.com/images/media/meals/lpd4wy1614347943.jpg
Seafood,52773,Honey Teriyaki Salmon,https://www.themealdb.com/images/media/meals/xxyupu1468262513.jpg
Seafood,53362,Jamaican Curry Shrimp Recipe,https://www.themealdb.com/images/media/meals/n7h5zs1765318909.jpg
Seafood,53349,Jamaican Pepper Shrimp,https://www.themealdb.com/images/media/meals/bx07m71764792853.jpg
Seafood,52887,Kedgeree,https://www.themealdb.com/images/media/meals/utxqpt1511639216.jpg
Seafood,52946,Kung Po Prawns,https://www.themealdb.com/images/media/meals/1525873040.jpg
Seafood,52821,Laksa King Prawn Noodles,https://www.themealdb.com/images/media/meals/rvypwy1503069308.jpg
Seafood,52777,Mediterranean Pasta Salad,https://www.themealdb.com/images/media/meals/wvqpwt1468339226.jpg
Seafood,53048,Mee goreng mamak,https://www.themealdb.com/images/media/meals/xquakq1619787532.jpg
Seafood,53377,Napa Cabbage with Dried Shrimp,https://www.themealdb.com/images/media/meals/9nh4dl1766435484.jpg
Seafood,53051,Nasi lemak,https://www.themealdb.com/images/media/meals/wai9bw1619788844.jpg
Seafood,53245,Noodle bowl salad,https://www.themealdb.com/images/media/meals/zry07j1763779321.jpg
Seafood,53191,Pad Thai,https://www.themealdb.com/images/media/meals/rg9ze01763479093.jpg
Seafood,53151,Paella,https://www.themealdb.com/images/media/meals/9bl20p1763248192.jpg
Seafood,53152,"Pan-fried hake, white bean & chorizo broth",https://www.themealdb.com/images/media/meals/4yjart1763248459.jpg
Seafood,53045,Portuguese fish stew (Caldeirada de peixe),https://www.themealdb.com/images/media/meals/do7zps1614349775.jpg
Seafood,53244,Prawn & noodle salad with crispy shallots,https://www.themealdb.com/images/media/meals/0iryz91763778419.jpg
Seafood,53200,Prawn stir-fry,https://www.themealdb.com/images/media/meals/96lt871763480970.jpg
Seafood,53174,Prawns with Romesco sauce,https://www.themealdb.com/images/media/meals/u03xhi1763308917.jpg
Seafood,53108,Quick salt & pepper squid,https://www.themealdb.com/images/media/meals/cp74zo1762341241.jpg
Seafood,52809,Recheado Masala Fish,https://www.themealdb.com/images/media/meals/uwxusv1487344500.jpg
Seafood,52960,Salmon Avocado Salad,https://www.themealdb.com/images/media/meals/1549542994.jpg
Seafood,53234,Salmon noodle soup,https://www.themealdb.com/images/media/meals/ikizdm1763760862.jpg
Seafood,53248,Salmon noodle wraps,https://www.themealdb.com/images/media/meals/prrirc1763781360.jpg
Seafood,52823,Salmon Prawn Risotto,https://www.themealdb.com/images/media/meals/xxrxux1503070723.jpg
Seafood,53233,Salt & pepper squid,https://www.themealdb.com/images/media/meals/yxiilf1763759428.jpg
Seafood,53171,Salt cod tortilla,https://www.themealdb.com/images/media/meals/njj1681763297231.jpg
Seafood,52936,Saltfish and Ackee,https://www.themealdb.com/images/media/meals/vytypy1511883765.jpg
Seafood,53247,"Sea bass with sizzled ginger, chilli & spring onions",https://www.themealdb.com/images/media/meals/tqd7s21763780609.jpg
Seafood,52836,Seafood fideuà,https://www.themealdb.com/images/media/meals/wqqvyq1511179730.jpg
Seafood,53167,Seafood rice,https://www.themealdb.com/images/media/meals/5r5rvx1763287943.jpg
Seafood,52953,Shrimp Chow Fun,https://www.themealdb.com/images/media/meals/1529445434.jpg
Seafood,53375,Shrimp With Snow Peas,https://www.themealdb.com/images/media/meals/fpl3mv1766433431.jpg
Seafood,53368,Singapore Noodles with Shrimp,https://www.themealdb.com/images/media/meals/f3cxnc1765656994.jpg
Seafood,53023,Sledz w Oleju (Polish Herrings),https://www.themealdb.com/images/media/meals/7ttta31593350374.jpg
Seafood,53184,Spanish rice & prawn one-pot,https://www.themealdb.com/images/media/meals/sl6vqv1763335988.jpg
Seafood,53182,Spanish seafood rice,https://www.themealdb.com/images/media/meals/c6ghxm1763335584.jpg
Seafood,53209,Spicy Thai prawn noodles,https://www.themealdb.com/images/media/meals/568t931763584227.jpg
Seafood,53040,Spring onion and prawn empanadas,https://www.themealdb.com/images/media/meals/1c5oso1614347493.jpg
Seafood,53102,"Squid, chickpea & chorizo salad",https://www.themealdb.com/images/media/meals/wsu0rc1761848482.jpg
Seafood,53065,Sushi,https://www.themealdb.com/images/media/meals/g046bb1663960946.jpg
Seafood,53195,Thai curry noodle soup,https://www.themealdb.com/images/media/meals/118oj61763423896.jpg
Seafood,53198,Thai fried rice with prawns & peas,https://www.themealdb.com/images/media/meals/hblwvg1763478203.jpg
Seafood,53205,Thai prawn curry,https://www.themealdb.com/images/media/meals/qqlwv91763501559.jpg
Seafood,53213,Thai-style fish broth with greens,https://www.themealdb.com/images/media/meals/a2ec961763587756.jpg
Seafood,53202,Thai-style steamed fish,https://www.themealdb.com/images/media/meals/yx8j1i1763484612.jpg
Seafood,52882,Three Fish Pie,https://www.themealdb.com/images/media/meals/spswqs1511558697.jpg
Seafood,53196,Tom yum (hot & sour) soup with prawns,https://www.themealdb.com/images/media/meals/9c5nlx1763424766.jpg
Seafood,53194,Tom yum soup with prawns,https://www.themealdb.com/images/media/meals/l50vz41763422681.jpg
Seafood,52975,Tuna and Egg Briks,https://www.themealdb.com/images/media/meals/2dsltq1560461468.jpg
Seafood,52852,Tuna Nicoise,https://www.themealdb.com/images/media/meals/yypwwq1511304979.jpg
Seafood,53228,Vietnamese caramel trout,https://www.themealdb.com/images/media/meals/p02vq41763754350.jpg
Seafood,53243,Vietnamese prawn spiralized rolls,https://www.themealdb.com/images/media/meals/9r2xrg1763771238.jpg
Side,53373,Air Fryer Egg Rolls,https://www.themealdb.com/images/media/meals/grhn401765687086.jpg
Side,53284,Algerian Bouzgene Berber Bread with Roasted Pepper Sauce,https://www.themealdb.com/images/media/meals/se5vhk1764114880.jpg
Side,53282,Algerian Carrots,https://www.themealdb.com/images/media/meals/o2cd4r1764113576.jpg
Side,53389,Apple Potato Mash (Hete bliksem),https://www.themealdb.com/images/media/meals/pa03n41777540582.jpg
Side,53094,Baba Ghanoush,https://www.themealdb.com/images/media/meals/dlmh401760524897.jpg
Side,53080,Blini Pancakes,https://www.themealdb.com/images/media/meals/0206h11699013358.jpg
Side,52914,Boulangère Potatoes,https://www.themealdb.com/images/media/meals/qywups1511796761.jpg
Side,52913,Brie wrapped in prosciutto & brioche,https://www.themealdb.com/images/media/meals/qqpwsy1511796276.jpg
Side,53060,Burek,https://www.themealdb.com/images/media/meals/tkxquw1628771028.jpg
Side,53256,Cacik,https://www.themealdb.com/images/media/meals/16zbeu1763789342.jpg
Side,53361,Callaloo and SaltFish,https://www.themealdb.com/images/media/meals/73o3vq1765317873.jpg
Side,53310,Challah,https://www.themealdb.com/images/media/meals/fm01ky1764366365.jpg
Side,53290,Cheese Borek,https://www.themealdb.com/images/media/meals/oal8x31764119345.jpg
Side,52977,Corba,https://www.themealdb.com/images/media/meals/58oia61564916529.jpg
Side,53139,Fainá,https://www.themealdb.com/images/media/meals/849jd81763075251.jpg
Side,52919,Fennel Dauphinoise,https://www.themealdb.com/images/media/meals/ytttsv1511798734.jpg
Side,53030,Feteer Meshaltet,https://www.themealdb.com/images/media/meals/9f4z6v1598734293.jpg
Side,52903,French Onion Soup,https://www.themealdb.com/images/media/meals/xvrrux1511783685.jpg
Side,53061,Fresh sardines,https://www.themealdb.com/images/media/meals/nv5lf31628771380.jpg
Side,53272,Griddled flatbreads,https://www.themealdb.com/images/media/meals/8825lo1763815264.jpg
Side,53269,Hummus,https://www.themealdb.com/images/media/meals/gpon5u1763801180.jpg
Side,53353,Jamaican Boiled Dumplings,https://www.themealdb.com/images/media/meals/tsdbcq1764795636.jpg
Side,53355,Jamaican Festival (Sweet Dumpling),https://www.themealdb.com/images/media/meals/g6xb8m1764875029.jpg
Side,53356,Jamaican Fried Dumplings,https://www.themealdb.com/images/media/meals/dd7t4d1764877271.jpg
Side,53364,Jamaican Steamed Cabbage,https://www.themealdb.com/images/media/meals/paejva1765321314.jpg
Side,53033,Japanese gohan rice,https://www.themealdb.com/images/media/meals/kw92t41604181871.jpg
Side,53286,Khobz el Dar (Algerian Semolina Bread),https://www.themealdb.com/images/media/meals/5u37fy1764116774.jpg
Side,52978,Kumpir,https://www.themealdb.com/images/media/meals/mlchx21564916997.jpg
Side,53059,Mushroom soup with buckwheat,https://www.themealdb.com/images/media/meals/1ngcbf1628770793.jpg
Side,53038,Mustard champ,https://www.themealdb.com/images/media/meals/o7p9581608589317.jpg
Side,53121,Norwegian Potato Lefse,https://www.themealdb.com/images/media/meals/hxcuj01762772827.jpg
Side,53019,Pierogi (Polish Dumplings),https://www.themealdb.com/images/media/meals/45xxr21593348847.jpg
Side,53299,Polish patties (kotlety),https://www.themealdb.com/images/media/meals/vvn5f71764360273.jpg
Side,52922,Prawn & Fennel Bisque,https://www.themealdb.com/images/media/meals/rtwwvv1511799504.jpg
Side,53388,Runner Bean Mash (Snijbonen Stamppot),https://www.themealdb.com/images/media/meals/urq5w21777540535.jpg
Side,53308,Rye bread,https://www.themealdb.com/images/media/meals/lmc6r51764365554.jpg
Side,53378,Sesame Cucumber Salad,https://www.themealdb.com/images/media/meals/93iok31766436070.jpg
Side,53226,Shawarma bread,https://www.themealdb.com/images/media/meals/i8l2fu1763742525.jpg
Side,53259,Smoked aubergine purée,https://www.themealdb.com/images/media/meals/8c8m4q1763791156.jpg
Side,52981,Snert (Dutch Split Pea Soup),https://www.themealdb.com/images/media/meals/9ptx0a1565090843.jpg
Side,52925,Split Pea Soup,https://www.themealdb.com/images/media/meals/xxtsvx1511814083.jpg
Side,53325,Venezuelan Arepas,https://www.themealdb.com/images/media/meals/3hcy191764376285.jpg
Side,53332,Venezuelan turnovers,https://www.themealdb.com/images/media/meals/zjtfp31764440795.jpg
Side,53189,Zemiakové Placky,https://www.themealdb.com/images/media/meals/0umm891763364625.jpg
Starter,53169,Ajo blanco,https://www.themealdb.com/images/media/meals/5jdtie1763289302.jpg
Starter,52842,Broccoli & Stilton soup,https://www.themealdb.com/images/media/meals/tvvxpv1511191952.jpg
Starter,52840,Clam chowder,https://www.themealdb.com/images/media/meals/rvtvuw1511190488.jpg
Starter,52779,Cream Cheese Tart,https://www.themealdb.com/images/media/meals/wurrux1468416624.jpg
Starter,52841,Creamy Tomato Soup,https://www.themealdb.com/images/media/meals/stpuws1511191310.jpg
Starter,53173,Quick gazpacho,https://www.themealdb.com/images/media/meals/h5qmn31763304965.jpg
Vegan,53092,Fasoliyyeh Bi Z-Zayt (Syrian Green Beans with Olive Oil),https://www.themealdb.com/images/media/meals/21yc5s1760524759.jpg
Vegan,53150,Padron peppers,https://www.themealdb.com/images/media/meals/0ljvc51763248075.jpg
Vegan,53115,Red onion pickle,https://www.themealdb.com/images/media/meals/ppodrp1762325183.jpg
Vegan,52942,Roast fennel and aubergine paella,https://www.themealdb.com/images/media/meals/1520081754.jpg
Vegan,53250,Vegan banh mi,https://www.themealdb.com/images/media/meals/sonirb1763782831.jpg
Vegan,52794,Vegan Chocolate Cake,https://www.themealdb.com/images/media/meals/qxutws1486978099.jpg
Vegan,52775,Vegan Lasagna,https://www.themealdb.com/images/media/meals/rvxxuy1468312893.jpg
Vegetarian,53158,Air fryer patatas bravas,https://www.themealdb.com/images/media/meals/3m8yae1763257951.jpg
Vegetarian,53288,Algerian Flafla (Bell Pepper Salad),https://www.themealdb.com/images/media/meals/tbj1bs1764118062.jpg
Vegetarian,53278,Aubergine & hummus grills,https://www.themealdb.com/images/media/meals/zub3s91764110535.jpg
Vegetarian,53267,Aubergine couscous salad,https://www.themealdb.com/images/media/meals/02s6gc1763799560.jpg
Vegetarian,53107,Avocado dip with new potatoes,https://www.themealdb.com/images/media/meals/flrajf1762341295.jpg
Vegetarian,52807,Baingan Bharta,https://www.themealdb.com/images/media/meals/urtpqw1487341253.jpg
Vegetarian,53307,Beetroot & red cabbage sauerkraut,https://www.themealdb.com/images/media/meals/ra2k8a1764365055.jpg
Vegetarian,53313,Beetroot latkes,https://www.themealdb.com/images/media/meals/qwicc91764368097.jpg
Vegetarian,53078,Beetroot Soup (Borscht),https://www.themealdb.com/images/media/meals/zadvgb1699012544.jpg
Vegetarian,53305,Braised stuffed cabbage,https://www.themealdb.com/images/media/meals/z267f71764364072.jpg
Vegetarian,53077,Cabbage Soup (Shchi),https://www.themealdb.com/images/media/meals/60oc3k1699009846.jpg
Vegetarian,52870,Chickpea Fajitas,https://www.themealdb.com/images/media/meals/tvtxpq1511464705.jpg
Vegetarian,53372,Chinese Tomato Egg Stir Fry,https://www.themealdb.com/images/media/meals/rwvw8q1765660071.jpg
Vegetarian,53283,Chtitha Batata (Algerian Potato Stew),https://www.themealdb.com/images/media/meals/q8pu1k1764114334.jpg
Vegetarian,53072,Crispy Eggplant,https://www.themealdb.com/images/media/meals/c7lzrl1683208757.jpg
Vegetarian,53309,Cucumber & fennel salad,https://www.themealdb.com/images/media/meals/ei21r61764365935.jpg
Vegetarian,52785,Dal fry,https://www.themealdb.com/images/media/meals/wuxrtu1483564410.jpg
Vegetarian,52955,Egg Drop Soup,https://www.themealdb.com/images/media/meals/1529446137.jpg
Vegetarian,53073,Eggplant Adobo,https://www.themealdb.com/images/media/meals/y7h0lq1683208991.jpg
Vegetarian,53254,Ezme,https://www.themealdb.com/images/media/meals/pb6mj11763788331.jpg
Vegetarian,53266,Falafel,https://www.themealdb.com/images/media/meals/u5e9qq1763795441.jpg
Vegetarian,53091,Falafel Pita Sandwich with Tahini Sauce,https://www.themealdb.com/images/media/meals/ae6clc1760524712.jpg
Vegetarian,52906,Flamiche,https://www.themealdb.com/images/media/meals/wssvvs1511785879.jpg
Vegetarian,53025,Ful Medames,https://www.themealdb.com/images/media/meals/lvn2d51598732465.jpg
Vegetarian,53012,Gigantes Plaki,https://www.themealdb.com/images/media/meals/b79r6f1585566277.jpg
Vegetarian,53274,Griddled aubergines with sesame dressing,https://www.themealdb.com/images/media/meals/yoj48r1763817100.jpg
Vegetarian,53255,Grilled aubergines with spicy chickpeas & walnut sauce,https://www.themealdb.com/images/media/meals/ctw3ba1763788978.jpg
Vegetarian,53074,Grilled eggplant with coconut milk,https://www.themealdb.com/images/media/meals/bopa2i1683209167.jpg
Vegetarian,53340,Hodge Podge,https://www.themealdb.com/images/media/meals/xihv0c1764447887.jpg
Vegetarian,53352,Jamaican Instant Pot Rice and Beans,https://www.themealdb.com/images/media/meals/11bvtm1764795135.jpg
Vegetarian,53357,Jamaican Rice and Peas,https://www.themealdb.com/images/media/meals/pkyvrn1764878267.jpg
Vegetarian,52971,Kafteji,https://www.themealdb.com/images/media/meals/1bsv1q1560459826.jpg
Vegetarian,52868,Kidney Bean Curry,https://www.themealdb.com/images/media/meals/sywrsu1511463066.jpg
Vegetarian,53027,Koshari,https://www.themealdb.com/images/media/meals/4er7mj1598733193.jpg
Vegetarian,52973,Leblebi Soup,https://www.themealdb.com/images/media/meals/x2fw9e1560460636.jpg
Vegetarian,52865,Matar Paneer,https://www.themealdb.com/images/media/meals/xxpqsy1511452222.jpg
Vegetarian,53336,Molasses Baked Beans,https://www.themealdb.com/images/media/meals/9tddhg1764443699.jpg
Vegetarian,53047,Moroccan Carrot Soup,https://www.themealdb.com/images/media/meals/jcr46d1614763831.jpg
Vegetarian,52864,Mushroom & Chestnut Rotolo,https://www.themealdb.com/images/media/meals/ssyqwr1511451678.jpg
Vegetarian,53117,Nordic smørrebrød with asparagus and horseradish cream,https://www.themealdb.com/images/media/meals/8a8fu01762772651.jpg
Vegetarian,53172,Patatas bravas,https://www.themealdb.com/images/media/meals/bvg8sn1763298713.jpg
Vegetarian,53160,Pisto con huevos,https://www.themealdb.com/images/media/meals/0nswfe1763279040.jpg
Vegetarian,53297,Pomegranate salad,https://www.themealdb.com/images/media/meals/fqpqml1764359125.jpg
Vegetarian,53081,Potato Salad (Olivier Salad),https://www.themealdb.com/images/media/meals/ebvuir1699013665.jpg
Vegetarian,52921,Provençal Omelette Cake,https://www.themealdb.com/images/media/meals/qwtrtp1511799242.jpg
Vegetarian,52908,Ratatouille,https://www.themealdb.com/images/media/meals/wrpwuu1511786491.jpg
Vegetarian,52811,Ribollita,https://www.themealdb.com/images/media/meals/xrrwpx1487347049.jpg
Vegetarian,53273,Roast aubergine with goat's cheese & toasted flatbread,https://www.themealdb.com/images/media/meals/iydbwy1763816111.jpg
Vegetarian,52816,"Roasted Eggplant With Tahini, Pine Nuts, and Lentils",https://www.themealdb.com/images/media/meals/ysqrus1487425681.jpg
Vegetarian,53296,Sauerkraut pierogi,https://www.themealdb.com/images/media/meals/ckbx1h1764123606.jpg
Vegetarian,53314,Sauerkraut pierogii,https://www.themealdb.com/images/media/meals/gqlxgc1764368767.jpg
Vegetarian,52963,Shakshuka,https://www.themealdb.com/images/media/meals/g373701551450225.jpg
Vegetarian,53374,Sichuan Eggplant,https://www.themealdb.com/images/media/meals/1oz4nb1765687990.jpg
Vegetarian,53371,Sichuan Style Stir-Fried Chinese Long Beans,https://www.themealdb.com/images/media/meals/i0610h1765659464.jpg
Vegetarian,53369,Silken Tofu with Sesame Soy Sauce,https://www.themealdb.com/images/media/meals/j9nray1765657692.jpg
Vegetarian,52784,Smoky Lentil Chili with Squash,https://www.themealdb.com/images/media/meals/uwxqwy1483389553.jpg
Vegetarian,52872,Spanish Tortilla,https://www.themealdb.com/images/media/meals/quuxsx1511476154.jpg
Vegetarian,53142,Spiced tortilla,https://www.themealdb.com/images/media/meals/7b862e1763194846.jpg
Vegetarian,52771,Spicy Arrabiata Penne,https://www.themealdb.com/images/media/meals/ustsqw1468250014.jpg
Vegetarian,52797,Spicy North African Potato Salad,https://www.themealdb.com/images/media/meals/urtwux1486983078.jpg
Vegetarian,52849,Spinach & Ricotta Cannelloni,https://www.themealdb.com/images/media/meals/wspuvp1511303478.jpg
Vegetarian,52866,Squash linguine,https://www.themealdb.com/images/media/meals/wxswxy1511452625.jpg
Vegetarian,52817,"Stovetop Eggplant With Harissa, Chickpeas, and Cumin Yogurt",https://www.themealdb.com/images/media/meals/yqwtvu1487426027.jpg
Vegetarian,53067,Stuffed Bell Peppers with Quinoa and Black Beans,https://www.themealdb.com/images/media/meals/b66myb1683207208.jpg
Vegetarian,53113,Sukuma Wiki,https://www.themealdb.com/images/media/meals/60o82j1762341177.jpg
Vegetarian,52911,Summer Pistou,https://www.themealdb.com/images/media/meals/rqtxvr1511792990.jpg
Vegetarian,53275,Sweet potato salad,https://www.themealdb.com/images/media/meals/z458v91763817681.jpg
Vegetarian,52869,Tahini Lentils,https://www.themealdb.com/images/media/meals/vpxyqt1511464175.jpg
Vegetarian,53026,Tamiya,https://www.themealdb.com/images/media/meals/n3xxd91598732796.jpg
Vegetarian,53312,Tangy cabbage slaw,https://www.themealdb.com/images/media/meals/e2g2r21764367568.jpg
Vegetarian,53246,"Tangy carrot, cabbage & onion salad",https://www.themealdb.com/images/media/meals/dbazbg1763779999.jpg
Vegetarian,53208,Thai coconut & veg broth,https://www.themealdb.com/images/media/meals/4k8nzy1763583384.jpg
Vegetarian,53210,Thai pumpkin soup,https://www.themealdb.com/images/media/meals/1brbso1763585098.jpg
Vegetarian,53203,Thai rice noodle salad,https://www.themealdb.com/images/media/meals/6g3rso1763486069.jpg
Vegetarian,53240,"Tofu, greens & cashew stir-fry",https://www.themealdb.com/images/media/meals/minfsc1763766806.jpg
Vegetarian,53075,Tortang Talong,https://www.themealdb.com/images/media/meals/va668f1683209318.jpg
Vegetarian,52863,Vegetarian Casserole,https://www.themealdb.com/images/media/meals/vptwyt1511450962.jpg
Vegetarian,52867,Vegetarian Chilli,https://www.themealdb.com/images/media/meals/wqurxy1511453156.jpg
Vegetarian,53222,Vegetarian Shakshuka,https://www.themealdb.com/images/media/meals/eo0yfb1763600916.jpg
Vegetarian,53241,Vietnamese veg parcels,https://www.themealdb.com/images/media/meals/f698g91763768731.jpg
Vegetarian,53236,Vietnamese-style veggie hotpot,https://www.themealdb.com/images/media/meals/4uje7l1763762276.jpg
Vegetarian,52871,Yaki Udon,https://www.themealdb.com/images/media/meals/wrustq1511475474.jpg
Breakfast,53076,Bread omelette,https://www.themealdb.com/images/media/meals/hqaejl1695738653.jpg
Breakfast,52965,Breakfast Potatoes,https://www.themealdb.com/images/media/meals/1550441882.jpg
Breakfast,53379,Dutch poffertjes (mini pancakes),https://www.themealdb.com/images/media/meals/oaqz9f1766593912.jpg
Breakfast,52895,English Breakfast,https://www.themealdb.com/images/media/meals/utxryw1511721587.jpg
Breakfast,52957,Fruit and Cream Cheese Breakfast Pastries,https://www.themealdb.com/images/media/meals/1543774956.jpg
Breakfast,52896,Full English Breakfast,https://www.themealdb.com/images/media/meals/sqrtwu1511721265.jpg
Breakfast,52967,Home-made Mandazi,https://www.themealdb.com/images/media/meals/thazgm1555350962.jpg
Breakfast,53363,Jamaican Cornmeal Porridge,https://www.themealdb.com/images/media/meals/sng9bm1765320170.jpg
Breakfast,53331,Oatmeal pancakes,https://www.themealdb.com/images/media/meals/c400ok1764439058.jpg
Breakfast,53118,Rømmegrøt – Norwegian Sour Cream Porridge,https://www.themealdb.com/images/media/meals/hyk47c1762772689.jpg
Breakfast,52962,Salmon Eggs Eggs Benedict,https://www.themealdb.com/images/media/meals/1550440197.jpg
Breakfast,52964,Smoked Haddock Kedgeree,https://www.themealdb.com/images/media/meals/1550441275.jpg
Breakfast,53165,Torrijas with sherry,https://www.themealdb.com/images/media/meals/f3ee3y1763309332.jpg
Breakfast,53114,Ugali – Kenyan cornmeal,https://www.themealdb.com/images/media/meals/smoa3h1762341142.jpg
Breakfast,53225,Yemeni Lahsa (Elite Shakshuka),https://www.themealdb.com/images/media/meals/30s7vf1763741844.jpg
Goat,53354,Jamaican Curry Goat,https://www.themealdb.com/images/media/meals/uc9qp11764796575.jpg
Goat,52968,Mbuzi Choma (Roasted Goat),https://www.themealdb.com/images/media/meals/cuio7s1555492979.jpg
